row_id,target
0-4,0.0006373396699494501
0-32,0.0007047253402283668
0-34,0.0007047253402283668
